method,seed,lam,active,test_acc,test_acc_refit,params_removed,params_removed_pct,time_s,solve_time_s
gvp_dense,0,0.0,512,73.15999865531921,73.46999645233154,0,0.0,283.8724637031555,21.820486783981323
joint_dense,0,0.0,512,78.78999710083008,79.44999933242798,0,0.0,260.6432466506958,0.0
gvp,0,0.001,57,73.65999817848206,73.6299991607666,2102100,18.812485669809867,281.1652195453644,20.980355739593506
joint_prox,0,0.001,512,79.24000024795532,79.24999594688416,0,0.0,260.3910119533539,0.0
prune_ft,0,0.001,57,78.20000052452087,78.52999567985535,2102100,18.812485669809867,51.96125245094299,0.0
gvp,0,0.003,10,75.42999982833862,75.44999718666077,2319240,20.7557534203177,287.3669185638428,26.72803020477295
joint_prox,0,0.003,512,79.28999662399292,79.3999969959259,0,0.0,260.33224534988403,0.0
prune_ft,0,0.003,10,75.92999935150146,76.78999900817871,2319240,20.7557534203177,52.15792441368103,0.0
gvp,0,0.01,10,76.6599953174591,76.63999795913696,2319240,20.7557534203177,286.6362552642822,26.42448377609253
joint_prox,0,0.01,512,79.61999773979187,79.62999939918518,0,0.0,260.5211684703827,0.0
prune_ft,0,0.01,10,75.23999810218811,76.64999961853027,2319240,20.7557534203177,52.054606914520264,0.0
gvp,0,0.03,10,78.94999980926514,78.96999716758728,2319240,20.7557534203177,283.9126307964325,23.567353010177612
joint_prox,0,0.03,512,79.71999645233154,79.62999939918518,0,0.0,260.1814465522766,0.0
prune_ft,0,0.03,10,74.82999563217163,75.98999738693237,2319240,20.7557534203177,52.092045307159424,0.0
