lam,method,acc,sd,refit,rsd,active,asd,removed%,time,solve
0.0,gvp_dense,73.247,0.103,73.513,0.15,512.0,0.0,0.0,286.01,22.682
0.0,joint_dense,79.347,0.599,79.643,0.415,512.0,0.0,0.0,260.879,0.0
0.001,gvp,73.443,0.595,73.513,0.574,55.333,7.638,18.881,281.792,21.108
0.001,joint_prox,78.923,0.54,79.323,0.172,512.0,0.0,0.0,260.654,0.0
0.001,prune_ft,78.867,0.665,79.153,0.693,55.333,7.638,18.881,52.055,0.0
0.003,gvp,74.677,0.68,74.707,0.673,12.333,2.082,20.659,284.275,23.068
0.003,joint_prox,79.083,0.723,79.347,0.602,512.0,0.0,0.0,260.582,0.0
0.003,prune_ft,76.867,0.811,77.477,0.596,12.333,2.082,20.659,52.3,0.0
0.01,gvp,76.217,0.398,76.207,0.391,10.0,0.0,20.756,283.491,22.84
0.01,joint_prox,79.447,0.234,79.627,0.175,512.0,0.0,0.0,260.97,0.0
0.01,prune_ft,75.837,0.638,77.037,1.017,10.0,0.0,20.756,52.116,0.0
0.03,gvp,78.16,0.717,78.17,0.724,10.0,0.0,20.756,281.171,20.459
0.03,joint_prox,79.413,0.28,79.59,0.061,512.0,0.0,0.0,260.77,0.0
0.03,prune_ft,75.357,0.607,76.557,0.767,10.0,0.0,20.756,52.148,0.0
